GCA_000002415.fasta,1800
GCA_000002435.fasta,805
GCA_000002445.fasta,1738
GCA_000002455.fasta,24
GCA_000002725.fasta,2190
GCA_000002765.fasta,1555
GCA_000002825.fasta,11761
GCA_000002835.fasta,89
GCA_000002845.fasta,2137
GCA_000002875.fasta,2141
GCA_000002975.fasta,36
GCA_000003085.fasta,1541
GCA_000003225.fasta,557
GCA_000004695.fasta,2275
GCA_000004825.fasta,2198
GCA_000004985.fasta,2730
GCA_000006355.fasta,1626
GCA_000006405.fasta,5773
GCA_000006425.fasta,594
GCA_000006515.fasta,616
GCA_000006565.fasta,4377
GCA_000018645.fasta,38
GCA_000142905.fasta,1912
GCA_000142945.fasta,15236
GCA_000143045.fasta,2994
GCA_000149405.fasta,2162
GCA_000149665.fasta,1619
GCA_000149715.fasta,4337
GCA_000149735.fasta,4443
GCA_000149755.fasta,5506
GCA_000149795.fasta,1391
GCA_000150015.fasta,4301
GCA_000150295.fasta,1259
GCA_000150315.fasta,882
GCA_000150335.fasta,914
GCA_000150355.fasta,886
GCA_000150375.fasta,864
GCA_000150395.fasta,891
GCA_000150415.fasta,881
GCA_000150435.fasta,1637
GCA_000150455.fasta,1564
GCA_000150955.fasta,1830
GCA_000151545.fasta,3542
GCA_000151665.fasta,1254
GCA_000165345.fasta,606
GCA_000165365.fasta,556
GCA_000165395.fasta,548
GCA_000165425.fasta,4806
GCA_000172235.fasta,409
GCA_000173235.fasta,5225
GCA_000182405.fasta,733
GCA_000182665.fasta,768
GCA_000186025.fasta,943
GCA_000186055.fasta,1451
GCA_000186865.fasta,3777
GCA_000188675.fasta,2572
GCA_000189635.fasta,6867
GCA_000190715.fasta,2197
GCA_000193105.fasta,3114
GCA_000194455.fasta,32
GCA_000203815.fasta,2067
GCA_000208865.fasta,3836
GCA_000208925.fasta,1389
GCA_000209065.fasta,5995
GCA_000209125.fasta,2042
GCA_000209695.fasta,77
GCA_000210295.fasta,1476
GCA_000211355.fasta,96
GCA_000220395.fasta,3253
GCA_000223845.fasta,933
GCA_000224805.fasta,4330
GCA_000224825.fasta,4305
GCA_000224845.fasta,4284
GCA_000224865.fasta,4221
GCA_000224885.fasta,4277
GCA_000224905.fasta,4302
GCA_000226695.fasta,1842
GCA_000227135.fasta,2162
GCA_000227375.fasta,1651
GCA_000227395.fasta,1253
GCA_000231825.fasta,6055
GCA_000231845.fasta,7111
GCA_000234665.fasta,2140
GCA_000240725.fasta,2265
GCA_000247585.fasta,5492
GCA_000250755.fasta,2082
GCA_000250965.fasta,4312
GCA_000252605.fasta,4288
GCA_000256705.fasta,4326
GCA_000256725.fasta,4279
GCA_000257125.fasta,959
GCA_000258005.fasta,4513
GCA_000259835.fasta,4109
GCA_000260095.fasta,6233
GCA_000261185.fasta,10512
GCA_000277445.fasta,1714
GCA_000277465.fasta,2035
GCA_000277485.fasta,2037
GCA_000278365.fasta,4174
GCA_000281045.fasta,4192
GCA_000283395.fasta,1831
GCA_000286055.fasta,1750
GCA_000286095.fasta,46
GCA_000295675.fasta,7082
GCA_000296195.fasta,6145
GCA_000300495.fasta,2281
GCA_000310025.fasta,0
GCA_000313105.fasta,2199
GCA_000313135.fasta,2801
GCA_000315625.fasta,5809
GCA_000316305.fasta,1578
GCA_000318465.fasta,3063
GCA_000320545.fasta,6093
GCA_000320625.fasta,1950
GCA_000320645.fasta,1926
GCA_000320665.fasta,1897
GCA_000320685.fasta,1978
GCA_000321355.fasta,1745
GCA_000325525.fasta,4236
GCA_000325865.fasta,3647
GCA_000325885.fasta,3735
GCA_000326045.fasta,2212
GCA_000326065.fasta,2254
GCA_000327025.fasta,0
GCA_000327425.fasta,2538
GCA_000330505.fasta,2725
GCA_000331125.fasta,1712
GCA_000331325.fasta,2753
GCA_000331345.fasta,2155
GCA_000331405.fasta,2765
GCA_000333055.fasta,3071
GCA_000333075.fasta,2834
GCA_000333095.fasta,2865
GCA_000333115.fasta,2862
GCA_000333855.fasta,2168
GCA_000333875.fasta,1767
GCA_000336535.fasta,3180
GCA_000338675.fasta,4331
GCA_000338795.fasta,3268
GCA_000338815.fasta,3131
GCA_000338855.fasta,1018
GCA_000340355.fasta,2347
GCA_000340395.fasta,2591
GCA_000340495.fasta,2084
GCA_000342415.fasta,778
GCA_000344925.fasta,852
GCA_000346345.fasta,922
GCA_000365225.fasta,5567
GCA_000365475.fasta,819
GCA_000365505.fasta,3681
GCA_000365525.fasta,3658
GCA_000365545.fasta,3619
GCA_000367145.fasta,3638
GCA_000372725.fasta,11178
GCA_000387425.fasta,2864
GCA_000387445.fasta,2391
GCA_000387465.fasta,2879
GCA_000387505.fasta,2978
GCA_000387525.fasta,2508
GCA_000387545.fasta,2256
GCA_000401695.fasta,1720
GCA_000401715.fasta,1705
GCA_000409445.fasta,2054
GCA_000410695.fasta,2084
GCA_000410715.fasta,2199
GCA_000410755.fasta,2050
GCA_000413255.fasta,13678
GCA_000438535.fasta,1935
GCA_000439335.fasta,15733
GCA_000441995.fasta,2154
GCA_000442495.fasta,1818
GCA_000442575.fasta,2273
GCA_000443025.fasta,2093
GCA_000443045.fasta,15374
GCA_000444285.fasta,2108
GCA_000447165.fasta,3433
GCA_000448265.fasta,2632
GCA_000468175.fasta,4255
GCA_000470725.fasta,2160
GCA_000482105.fasta,2252
GCA_000482125.fasta,1815
GCA_000482145.fasta,1572
GCA_000482165.fasta,1664
GCA_000482185.fasta,1616
GCA_000482205.fasta,2056
GCA_000482225.fasta,1538
GCA_000492115.fasta,1007
GCA_000496795.fasta,1823
GCA_000497125.fasta,969
GCA_000498555.fasta,4049
GCA_000498715.fasta,713
GCA_000498735.fasta,800
GCA_000499105.fasta,1852
GCA_000499385.fasta,3667
GCA_000499425.fasta,3055
GCA_000499445.fasta,4005
GCA_000499545.fasta,3457
GCA_000499605.fasta,3065
GCA_000499725.fasta,4459
GCA_000499745.fasta,4816
GCA_000500205.fasta,3496
GCA_000500225.fasta,6307
GCA_000505035.fasta,1481
GCA_000507305.fasta,40631
GCA_000509465.fasta,3205
GCA_000509485.fasta,3163
GCA_000509505.fasta,3187
GCA_000509525.fasta,3181
GCA_000512085.fasta,6791
GCA_000520115.fasta,4760
GCA_000521015.fasta,1725
GCA_000521035.fasta,1773
GCA_000521055.fasta,1801
GCA_000521075.fasta,1633
GCA_000521095.fasta,1637
GCA_000521115.fasta,1571
GCA_000521155.fasta,1646
GCA_000524495.fasta,1827
GCA_000524515.fasta,1262
GCA_000569095.fasta,1839
GCA_000576715.fasta,1086
GCA_000582765.fasta,1185
GCA_000585135.fasta,12496
GCA_000635995.fasta,2187
GCA_000686205.fasta,5065
GCA_000687305.fasta,5264
GCA_000691245.fasta,1395
GCA_000691945.fasta,431
GCA_000698435.fasta,45
GCA_000709005.fasta,1214
GCA_000711775.fasta,33086
GCA_000715435.fasta,2032
GCA_000723445.fasta,922
GCA_000723685.fasta,1603
GCA_000725905.fasta,1854
GCA_000727475.fasta,0
GCA_000733375.fasta,4534
GCA_000733385.fasta,5130
GCA_000740895.fasta,600
GCA_000743755.fasta,861
GCA_000751175.fasta,3344
GCA_000751395.fasta,3923
GCA_000755165.fasta,2045
GCA_000764265.fasta,3040
GCA_000765095.fasta,3239
GCA_000769155.fasta,2935
GCA_000785725.fasta,2447
GCA_000785735.fasta,2439
GCA_000787575.fasta,2066
GCA_000804495.fasta,603
GCA_000818945.fasta,2605
GCA_000826245.fasta,5562
GCA_000826265.fasta,3702
GCA_000826285.fasta,0
GCA_000826305.fasta,5021
GCA_000826325.fasta,6898
GCA_000826345.fasta,8027
GCA_000826365.fasta,5302
GCA_000826385.fasta,5054
GCA_000826405.fasta,5651
GCA_000826425.fasta,6627
GCA_000826445.fasta,5572
GCA_000826465.fasta,7122
GCA_000826485.fasta,7669
GCA_000826505.fasta,7707
GCA_000826945.fasta,4188
GCA_000831705.fasta,633
GCA_000875885.fasta,8668
GCA_000956335.fasta,1727
GCA_000961115.fasta,2181
GCA_000963365.fasta,846
GCA_000963385.fasta,776
GCA_000963395.fasta,769
GCA_000963415.fasta,1027
GCA_000963455.fasta,815
GCA_000963465.fasta,780
GCA_000978595.fasta,36228
GCA_000981445.fasta,922
GCA_000981925.fasta,1856
GCA_000982615.fasta,1208
GCA_001029375.fasta,4447
GCA_001049375.fasta,1603
GCA_001077455.fasta,648
GCA_001078535.fasta,2296
GCA_001179505.fasta,4846
GCA_001185145.fasta,4510
GCA_001235845.fasta,631
GCA_001262475.fasta,2951
GCA_001272955.fasta,2841
GCA_001272965.fasta,3807
GCA_001272975.fasta,3269
GCA_001273295.fasta,4042
GCA_001273305.fasta,4424
GCA_001275005.fasta,3938
GCA_001278135.fasta,2798
GCA_001278145.fasta,2783
GCA_001278155.fasta,2782
GCA_001278165.fasta,2756
GCA_001278215.fasta,2788
GCA_001278225.fasta,2789
GCA_001278235.fasta,2797
GCA_001293395.fasta,2025
GCA_001297925.fasta,3830
GCA_001299535.fasta,1850
GCA_001305325.fasta,610
GCA_001305335.fasta,613
GCA_001305395.fasta,611
GCA_001305415.fasta,600
GCA_001305435.fasta,618
GCA_001305455.fasta,606
GCA_001305475.fasta,605
GCA_001305735.fasta,2970
GCA_001306235.fasta,607
GCA_001306245.fasta,614
GCA_001306755.fasta,2194
GCA_001306775.fasta,2147
GCA_001307845.fasta,609
GCA_001314345.fasta,2670
GCA_001314355.fasta,2688
GCA_001314365.fasta,3579
GCA_001314375.fasta,3705
GCA_001314425.fasta,3574
GCA_001314435.fasta,2489
GCA_001314445.fasta,2482
GCA_001314455.fasta,3515
GCA_001314505.fasta,3597
GCA_001314925.fasta,3660
GCA_001403675.fasta,2193
GCA_001403695.fasta,2259
GCA_001414265.fasta,4683
GCA_001414525.fasta,4963
GCA_001447515.fasta,3697
GCA_001457755.fasta,1748
GCA_001460835.fasta,2657
GCA_001462505.fasta,2895
GCA_001482985.fasta,4760
GCA_001483015.fasta,5440
GCA_001483505.fasta,590
GCA_001483515.fasta,603
GCA_001483535.fasta,579
GCA_001493575.fasta,701
GCA_001499635.fasta,2506
GCA_001543975.fasta,693
GCA_001567625.fasta,3290
GCA_001573145.fasta,2395
GCA_001593265.fasta,4623
GCA_001593445.fasta,598
GCA_001593455.fasta,566
GCA_001593465.fasta,607
GCA_001593475.fasta,610
GCA_001600475.fasta,2505
GCA_001600495.fasta,2496
GCA_001601855.fasta,1366
GCA_001602025.fasta,1359
GCA_001606155.fasta,1558
GCA_001614215.fasta,1707
GCA_001614225.fasta,2233
GCA_001614235.fasta,1868
GCA_001614245.fasta,1623
GCA_001625125.fasta,1547
GCA_001638955.fasta,2745
GCA_001643675.fasta,5486
GCA_001650055.fasta,442
GCA_001650065.fasta,423
GCA_001650075.fasta,453
GCA_001650105.fasta,458
GCA_001650135.fasta,429
GCA_001650145.fasta,424
GCA_001651215.fasta,1097
GCA_001652855.fasta,1956
GCA_001653735.fasta,2156
GCA_001655075.fasta,7194
GCA_001655205.fasta,3266
GCA_001659865.fasta,1285
GCA_001661535.fasta,10140
GCA_001662325.fasta,1328
GCA_001680005.fasta,1845
GCA_001687465.fasta,2974
GCA_001695595.fasta,6195
GCA_001707905.fasta,2546
GCA_001712635.fasta,5629
GCA_001712645.fasta,2466
GCA_001712655.fasta,2540
GCA_001712705.fasta,2446
GCA_001712715.fasta,2491
GCA_001715585.fasta,1550
GCA_001724265.fasta,2327
GCA_001742925.fasta,11315
GCA_001750085.fasta,5369
GCA_001766655.fasta,1181
GCA_001835705.fasta,597
GCA_001835715.fasta,606
GCA_001835725.fasta,605
GCA_001835735.fasta,597
GCA_001839685.fasta,4505
GCA_001861045.fasta,2102
GCA_001861055.fasta,2367
GCA_001861065.fasta,2480
GCA_001861075.fasta,2133
GCA_001861135.fasta,1817
GCA_001861165.fasta,1876
GCA_001861175.fasta,2035
GCA_001861195.fasta,1963
GCA_001861215.fasta,2516
GCA_001861235.fasta,2101
GCA_001861275.fasta,1880
GCA_001861305.fasta,2010
GCA_001865345.fasta,598
GCA_001865355.fasta,605
GCA_001870945.fasta,2100
GCA_001880345.fasta,3284
GCA_001880385.fasta,3904
GCA_001885115.fasta,2005
GCA_001887855.fasta,19993
GCA_001922765.fasta,2392
GCA_001933315.fasta,2602
GCA_001933325.fasta,2599
GCA_001933335.fasta,2591
GCA_001933345.fasta,2609
GCA_001933395.fasta,2617
GCA_001933405.fasta,2612
GCA_001933415.fasta,2612
GCA_001933455.fasta,2619
GCA_001933465.fasta,2695
GCA_001933485.fasta,2614
GCA_001939145.fasta,0
GCA_001945495.fasta,602
GCA_001950795.fasta,4348
GCA_001950815.fasta,3142
GCA_001950835.fasta,2370
GCA_001950855.fasta,3257
GCA_001950875.fasta,2521
GCA_001950895.fasta,2511
GCA_001950915.fasta,2358
GCA_001950935.fasta,2302
GCA_001950955.fasta,3142
GCA_001955675.fasta,2717
GCA_001970955.fasta,5188
GCA_001974925.fasta,6753
GCA_001989955.fasta,2143
GCA_001989975.fasta,2146
GCA_002019455.fasta,2823
GCA_002019465.fasta,2926
GCA_002019475.fasta,2759
GCA_002019905.fasta,2867
GCA_002025285.fasta,5747
GCA_002025845.fasta,5131
GCA_002025925.fasta,4990
GCA_002073175.fasta,2452
GCA_002081555.fasta,2647
GCA_002081575.fasta,2606
GCA_002081595.fasta,2893
GCA_002081965.fasta,4521
GCA_002087225.fasta,1988
GCA_002087855.fasta,7804
GCA_002093595.fasta,607
GCA_002093605.fasta,605
GCA_002093615.fasta,602
GCA_002093825.fasta,1655
GCA_002095265.fasta,563
GCA_002099245.fasta,4204
GCA_002105255.fasta,4979
GCA_002140095.fasta,1651
GCA_002151225.fasta,2292
GCA_002154235.fasta,1206
GCA_002157705.fasta,2200
GCA_002179805.fasta,5037
GCA_002189625.fasta,652
GCA_002197585.fasta,3451
GCA_002215365.fasta,6766
GCA_002216525.fasta,1845
GCA_002216535.fasta,4496
GCA_002216565.fasta,3330
GCA_002216585.fasta,2101
GCA_002216605.fasta,2090
GCA_002216625.fasta,1849
GCA_002217885.fasta,3315
GCA_002219105.fasta,3399
GCA_002223825.fasta,604
GCA_002243465.fasta,2236
GCA_002245135.fasta,3483
GCA_002245715.fasta,1681
GCA_002245725.fasta,1599
GCA_002245735.fasta,1658
GCA_002247145.fasta,2696
GCA_002256025.fasta,4561
GCA_002271815.fasta,2911
GCA_002286825.fasta,8417
GCA_002287245.fasta,2748
GCA_002288995.fasta,3772
GCA_002563875.fasta,3923
GCA_002600585.fasta,5575
GCA_002734105.fasta,4186
GCA_002734125.fasta,4537
GCA_002749415.fasta,3677
GCA_002749425.fasta,2602
GCA_002754635.fasta,1923
GCA_002812785.fasta,2546
GCA_002831795.fasta,1562
GCA_002838785.fasta,2057
GCA_002864105.fasta,3949
GCA_002887195.fasta,4384
GCA_002891335.fasta,10938
GCA_002893305.fasta,2946
GCA_002893315.fasta,2871
GCA_002893335.fasta,2788
GCA_002893365.fasta,2788
GCA_002893375.fasta,2493
GCA_002893405.fasta,3239
GCA_002893425.fasta,3030
GCA_002893445.fasta,2967
GCA_002893465.fasta,2891
GCA_002893485.fasta,2974
GCA_002897235.fasta,963
GCA_002897355.fasta,2596
GCA_002911725.fasta,7184
GCA_002914575.fasta,1683
GCA_002921335.fasta,1836
GCA_002933675.fasta,16914
GCA_002968915.fasta,4016
GCA_002980415.fasta,4724
GCA_002980425.fasta,3295
GCA_002999335.fasta,2957
GCA_003013265.fasta,2611
GCA_003020905.fasta,2133
GCA_003024175.fasta,2552
GCA_003024765.fasta,628
GCA_003057635.fasta,3136
GCA_003057855.fasta,592
GCA_003067545.fasta,2142
GCA_003072535.fasta,604
GCA_003072545.fasta,624
GCA_003116975.fasta,5121
GCA_003123765.fasta,5569
GCA_003148445.fasta,607
GCA_003177095.fasta,5803
GCA_003177105.fasta,3551
GCA_003287315.fasta,3950
GCA_003297005.fasta,51110
GCA_003297045.fasta,46913
GCA_003304975.fasta,2533
GCA_003324165.fasta,2058
GCA_003328465.fasta,3936
GCA_003351235.fasta,2932
GCA_003351245.fasta,2949
GCA_003351265.fasta,2941
GCA_003351285.fasta,2938
GCA_003352575.fasta,2152
GCA_003354225.fasta,4681
GCA_003402195.fasta,1534
GCA_003402215.fasta,1585
GCA_003413675.fasta,2781
GCA_003543875.fasta,1799
GCA_003546525.fasta,3477
GCA_003546545.fasta,3568
GCA_003546565.fasta,3580
GCA_003546585.fasta,3564
GCA_003546605.fasta,3574
GCA_003546625.fasta,3549
GCA_003546765.fasta,3456
GCA_003546785.fasta,4696
GCA_003546805.fasta,4765
GCA_003546825.fasta,3450
GCA_003568945.fasta,3401
GCA_003573635.fasta,6101
GCA_003575125.fasta,695
GCA_003594385.fasta,1898
GCA_003594405.fasta,1742
GCA_003594425.fasta,1875
GCA_003594445.fasta,1805
GCA_003594465.fasta,1718
GCA_003594485.fasta,1727
GCA_003594585.fasta,1834
GCA_003594605.fasta,1820
GCA_003594625.fasta,2056
GCA_003594645.fasta,1999
GCA_003594685.fasta,1270
GCA_003594705.fasta,1145
GCA_003594715.fasta,1284
GCA_003640415.fasta,2154
GCA_003640465.fasta,4765
GCA_003640485.fasta,13272
GCA_003640505.fasta,22733
GCA_003640625.fasta,19686
GCA_003664395.fasta,2276
GCA_003664525.fasta,2254
GCA_003666305.fasta,6969
GCA_003667245.fasta,2021
GCA_003667305.fasta,2063
GCA_003671315.fasta,2171
GCA_003671325.fasta,3604
GCA_003671345.fasta,3647
GCA_003676415.fasta,3969
GCA_003693705.fasta,0
GCA_003704535.fasta,2054
GCA_003719155.fasta,4333
GCA_003719455.fasta,1678
GCA_003719475.fasta,1410
GCA_003719485.fasta,1422
GCA_003719575.fasta,2197
GCA_003724065.fasta,4508
GCA_003730175.fasta,2267
GCA_003730215.fasta,2230
GCA_003730235.fasta,7345
GCA_003833335.fasta,1637
GCA_003843895.fasta,2144
GCA_003935065.fasta,2968
GCA_003944945.fasta,2946
GCA_003944955.fasta,2954
GCA_003944965.fasta,2948
GCA_003944975.fasta,2948
GCA_003944985.fasta,2954
GCA_003945045.fasta,2952
GCA_003945055.fasta,2956
GCA_003945065.fasta,2959
GCA_003945075.fasta,2962
GCA_003945085.fasta,2954
GCA_003945135.fasta,2969
GCA_003945145.fasta,2983
GCA_003945155.fasta,2949
GCA_003945175.fasta,2964
GCA_003956735.fasta,4674
GCA_003991265.fasta,2700
GCA_003992435.fasta,2137
GCA_003992445.fasta,2243
GCA_003992505.fasta,2233
GCA_003992685.fasta,1612
GCA_004117815.fasta,3052
GCA_004137865.fasta,3562
GCA_004137885.fasta,3793
GCA_004137955.fasta,3886
GCA_004137965.fasta,2718
GCA_004137975.fasta,3479
GCA_004138015.fasta,2724
GCA_004138045.fasta,3925
GCA_004156335.fasta,1612
GCA_004195245.fasta,1611
GCA_004332575.fasta,3971
GCA_004335385.fasta,1971
GCA_004335405.fasta,1843
GCA_004335455.fasta,1751
GCA_004335465.fasta,1537
GCA_004335815.fasta,3547
GCA_004335955.fasta,1970
GCA_004337795.fasta,617
GCA_004337805.fasta,601
GCA_004337815.fasta,602
GCA_004337825.fasta,621
GCA_004337835.fasta,612
GCA_004337865.fasta,620
GCA_004337875.fasta,626
GCA_004337925.fasta,586
GCA_004337945.fasta,602
GCA_004343245.fasta,3495
GCA_004348035.fasta,580
GCA_004359215.fasta,7729
GCA_004369235.fasta,98
GCA_004380875.fasta,5325
GCA_004431415.fasta,0
GCA_004519485.fasta,1950
GCA_004523865.fasta,37363
GCA_004565275.fasta,1850
GCA_004764655.fasta,13052
GCA_004764695.fasta,4271
GCA_004936735.fasta,603
GCA_005223375.fasta,5703
GCA_005317125.fasta,2143
GCA_005966545.fasta,2797
GCA_006247105.fasta,651
GCA_006369765.fasta,4269
GCA_006386115.fasta,3557
GCA_006503475.fasta,3036
GCA_006510565.fasta,4484
GCA_006510595.fasta,5118
GCA_007210665.fasta,601
GCA_007655245.fasta,3354
GCA_008000325.fasta,3295
GCA_008000375.fasta,3647
GCA_008000405.fasta,3519
GCA_008079305.fasta,11037
GCA_008080845.fasta,2794
GCA_008271595.fasta,3337
GCA_008330625.fasta,2301
GCA_008330635.fasta,2265
GCA_008330645.fasta,2421
GCA_008330665.fasta,2355
GCA_008369845.fasta,3652
GCA_008403515.fasta,1969
GCA_008553785.fasta,7467
GCA_008632985.fasta,6095
GCA_008636045.fasta,10143
GCA_008828725.fasta,35692
GCA_009014695.fasta,1803
GCA_009014725.fasta,1847
GCA_009192805.fasta,680
GCA_009192825.fasta,684
GCA_009726225.fasta,1603
GCA_009726235.fasta,1603
GCA_009726245.fasta,1603
GCA_009726255.fasta,1603
GCA_009726265.fasta,1603
GCA_009726325.fasta,1603
GCA_009726335.fasta,1603
GCA_009726345.fasta,1603
GCA_009726355.fasta,1603
GCA_009726365.fasta,1603
GCA_009726425.fasta,1603
GCA_009726435.fasta,1603
GCA_009726445.fasta,1603
GCA_009726455.fasta,1603
GCA_009726465.fasta,1603
GCA_009726525.fasta,1603
GCA_009726535.fasta,1603
GCA_009726545.fasta,1604
GCA_009726555.fasta,1603
GCA_009726565.fasta,1603
GCA_009726625.fasta,1603
GCA_009726635.fasta,1603
GCA_009726645.fasta,1603
GCA_009726655.fasta,1603
GCA_009726665.fasta,1603
GCA_009726725.fasta,1603
GCA_009726735.fasta,1603
GCA_009726745.fasta,1603
GCA_009726755.fasta,1602
GCA_009726765.fasta,1603
GCA_009726825.fasta,1603
GCA_009726835.fasta,1603
GCA_009726845.fasta,1603
GCA_009726855.fasta,1603
GCA_009726865.fasta,1603
GCA_009726925.fasta,1603
GCA_009726935.fasta,1603
GCA_009726945.fasta,1603
GCA_009726955.fasta,1602
GCA_009726965.fasta,1603
GCA_009727025.fasta,1603
GCA_009727035.fasta,1603
GCA_009727045.fasta,1603
GCA_009729435.fasta,6247
GCA_009729455.fasta,6064
GCA_009731335.fasta,2361
GCA_009731375.fasta,64522
GCA_009732905.fasta,5185
GCA_009732925.fasta,5189
GCA_009732945.fasta,5194
GCA_009732985.fasta,5249
GCA_009733005.fasta,5270
GCA_009733025.fasta,5266
GCA_009733045.fasta,5217
GCA_009733065.fasta,5224
GCA_009733085.fasta,5273
GCA_009733105.fasta,5271
GCA_009733125.fasta,5253
GCA_009733145.fasta,5187
GCA_009761385.fasta,4105
GCA_009761425.fasta,1567
GCA_009761475.fasta,1560
GCA_009761515.fasta,1552
GCA_009761555.fasta,1520
GCA_009767595.fasta,62337
GCA_009768925.fasta,607
GCA_009770625.fasta,2103
GCA_009792415.fasta,603
GCA_009835175.fasta,3793
GCA_009835185.fasta,4141
GCA_009835205.fasta,3011
GCA_009848525.fasta,5725
GCA_009859145.fasta,1339
GCA_010117175.fasta,1233
GCA_010117215.fasta,1232
GCA_010157825.fasta,2353
GCA_010194725.fasta,8101
GCA_010367165.fasta,2508
GCA_010367175.fasta,1402
GCA_010577775.fasta,4730
GCA_011316065.fasta,2058
GCA_011316315.fasta,13552
GCA_011320135.fasta,18059
GCA_011634545.fasta,779
GCA_011634555.fasta,764
GCA_011634595.fasta,877
GCA_011800735.fasta,1955
GCA_011947325.fasta,4656
GCA_011947335.fasta,5647
GCA_011947345.fasta,5843
GCA_011947355.fasta,3472
GCA_012273945.fasta,27272
GCA_012295175.fasta,0
GCA_012295415.fasta,3020
GCA_012295425.fasta,3194
GCA_012295475.fasta,4075
GCA_012489335.fasta,2838
GCA_012552325.fasta,15396
GCA_012656075.fasta,5633
GCA_012656105.fasta,4995
GCA_012658955.fasta,7116
GCA_012845835.fasta,34085
GCA_012862495.fasta,2340
GCA_012862575.fasta,2891
GCA_012898025.fasta,1565
GCA_012932265.fasta,3756
GCA_013099955.fasta,4470
GCA_013115115.fasta,2665
GCA_013115125.fasta,2660
GCA_013115135.fasta,4206
GCA_013115145.fasta,2778
GCA_013115865.fasta,6030
GCA_013115895.fasta,5828
GCA_013122855.fasta,2140
GCA_013187285.fasta,11409
GCA_013299085.fasta,2759
GCA_013306675.fasta,2617
GCA_013358655.fasta,2720
GCA_013372465.fasta,1815
GCA_013375675.fasta,3781
GCA_013375695.fasta,2475
GCA_013420745.fasta,3501
GCA_014084085.fasta,2596
GCA_014139745.fasta,2180
GCA_014466935.fasta,2128
GCA_014466975.fasta,2128
GCA_014524975.fasta,3220
GCA_014529505.fasta,570
GCA_014706105.fasta,4781
GCA_014706115.fasta,4650
GCA_014706125.fasta,4933
GCA_014706135.fasta,5122
GCA_014706145.fasta,5055
GCA_014706215.fasta,7795
GCA_014843625.fasta,1866
GCA_014843675.fasta,2001
GCA_014843685.fasta,1989
GCA_014843935.fasta,1965
GCA_014843945.fasta,1986
GCA_014849475.fasta,100945
GCA_014884785.fasta,549
GCA_014884835.fasta,551
GCA_014884865.fasta,551
GCA_014884895.fasta,557
GCA_014885115.fasta,4458
GCA_014898695.fasta,4275
GCA_015033625.fasta,3037
GCA_015033655.fasta,3147
GCA_015099795.fasta,1791
GCA_015143345.fasta,7230
GCA_015143685.fasta,4080
GCA_015143705.fasta,5833
GCA_015143735.fasta,7748
GCA_015144965.fasta,5469
GCA_015144975.fasta,3835
GCA_015145745.fasta,3837
GCA_015146095.fasta,7557
GCA_015146115.fasta,4653
GCA_015146655.fasta,0
GCA_015148565.fasta,5974
GCA_015148585.fasta,3688
GCA_015148605.fasta,7387
GCA_015227615.fasta,3396
GCA_015245375.fasta,608
GCA_015252635.fasta,3115
GCA_015252675.fasta,2877
GCA_015455285.fasta,5326
GCA_015476325.fasta,3802
GCA_015657535.fasta,3992
GCA_016097395.fasta,4099
GCA_016097425.fasta,4093
GCA_016169925.fasta,5992
GCA_016169935.fasta,5602
GCA_016169955.fasta,5635
GCA_016584475.fasta,13312
GCA_016586335.fasta,3142
GCA_016618085.fasta,1445
GCA_016618375.fasta,6278
GCA_016642125.fasta,3508
GCA_016642145.fasta,3601
GCA_016642365.fasta,3593
GCA_016643115.fasta,5057
GCA_016759035.fasta,1787
GCA_016759055.fasta,1788
GCA_016801225.fasta,4128
GCA_016802755.fasta,1787
GCA_016802775.fasta,1788
GCA_016807865.fasta,4028
GCA_016807875.fasta,4241
GCA_016807885.fasta,4312
GCA_016807985.fasta,1788
GCA_016808005.fasta,1787
GCA_016808045.fasta,1788
GCA_016808065.fasta,1787
GCA_016808245.fasta,4314
GCA_016864635.fasta,3992
GCA_016864655.fasta,4397
GCA_016864665.fasta,4046
GCA_016864695.fasta,4053
GCA_016864715.fasta,4043
GCA_016864735.fasta,4104
GCA_016864755.fasta,4053
GCA_016864775.fasta,4047
GCA_016864795.fasta,4084
GCA_016864815.fasta,4045
GCA_016864835.fasta,4031
GCA_016864855.fasta,4075
GCA_016865055.fasta,3996
GCA_016865075.fasta,3981
GCA_016865085.fasta,3983
GCA_016865095.fasta,4038
GCA_016880175.fasta,0
GCA_016880985.fasta,4031
GCA_016906365.fasta,4089
GCA_017309695.fasta,5033
GCA_017506865.fasta,10556
GCA_017916305.fasta,2221
GCA_017916325.fasta,2160
GCA_017916335.fasta,2279
GCA_017918215.fasta,2396
GCA_017918225.fasta,2274
GCA_017918235.fasta,2330
GCA_018136815.fasta,6182
GCA_018290745.fasta,2041
GCA_018291365.fasta,2355
GCA_018292885.fasta,5122
GCA_018292895.fasta,5108
GCA_018292905.fasta,0
GCA_018295905.fasta,1998
GCA_018327485.fasta,0
GCA_018340825.fasta,1418
GCA_018342955.fasta,604
GCA_018342975.fasta,604
GCA_018398725.fasta,638
GCA_018398765.fasta,12925
GCA_018466815.fasta,1317
GCA_018606705.fasta,236
GCA_018683835.fasta,1967
GCA_018683865.fasta,2027
GCA_018691715.fasta,7313
GCA_018806915.fasta,6167
GCA_018806925.fasta,3408
GCA_018873745.fasta,3372
GCA_018873755.fasta,3441
GCA_018901905.fasta,613
GCA_018901925.fasta,789
GCA_019059535.fasta,1112
GCA_019059605.fasta,576
GCA_019096175.fasta,15
GCA_019154785.fasta,6661
GCA_019155685.fasta,2664
GCA_019155715.fasta,3262
GCA_019188245.fasta,1102
GCA_019297655.fasta,5129
GCA_019297675.fasta,4810
GCA_019319545.fasta,1337
GCA_019345295.fasta,1148
GCA_019345315.fasta,1302
GCA_019345335.fasta,1036
GCA_019345635.fasta,1940
GCA_019425475.fasta,1591
GCA_019448385.fasta,2900
GCA_019455475.fasta,4257
GCA_019455545.fasta,4325
GCA_019455585.fasta,4318
GCA_019593585.fasta,2743
GCA_019677205.fasta,2133
GCA_019693415.fasta,1219
GCA_019693425.fasta,2010
GCA_019693525.fasta,3216
GCA_019693545.fasta,2515
GCA_019693575.fasta,0
GCA_019695575.fasta,1561
GCA_019702425.fasta,1439
GCA_019702695.fasta,0
GCA_019802405.fasta,1509
GCA_019802415.fasta,1553
GCA_019802425.fasta,1509
GCA_019802515.fasta,1452
GCA_019828565.fasta,1615
GCA_019828595.fasta,5081
GCA_019844115.fasta,613
GCA_019918135.fasta,47141
GCA_019968955.fasta,587
GCA_019968985.fasta,603
GCA_020048535.fasta,1319
GCA_020048575.fasta,1571
GCA_020085045.fasta,2606
GCA_020086505.fasta,3526
GCA_020184695.fasta,2875
GCA_020186115.fasta,2894
GCA_020226015.fasta,9547
GCA_020283495.fasta,5197
GCA_020283505.fasta,1267
GCA_020283525.fasta,2304
GCA_020283535.fasta,792
GCA_020283715.fasta,607
GCA_020449125.fasta,584
GCA_020449135.fasta,530
GCA_020509355.fasta,1436
GCA_020536535.fasta,3491
GCA_020557325.fasta,2920
GCA_020557355.fasta,2901
GCA_020696425.fasta,2635
GCA_020705095.fasta,2103
GCA_020783415.fasta,2190
GCA_020800205.fasta,3713
GCA_020800215.fasta,3830
GCA_020800225.fasta,3763
GCA_020800235.fasta,3833
GCA_020826745.fasta,603
GCA_020844765.fasta,1538
GCA_020891285.fasta,1844
GCA_020975765.fasta,42274
GCA_020976615.fasta,2972
GCA_020976625.fasta,4615
GCA_021020595.fasta,3076
GCA_021020605.fasta,2921
GCA_021029035.fasta,3816
GCA_021029045.fasta,4304
GCA_021029115.fasta,4916
GCA_021307395.fasta,4521
GCA_021439945.fasta,5774
GCA_021439955.fasta,4738
GCA_021439965.fasta,7396
GCA_021440005.fasta,5475
GCA_021440025.fasta,4947
GCA_021441625.fasta,6091
GCA_021441645.fasta,4533
GCA_021441665.fasta,5429
GCA_021491655.fasta,3905
GCA_021527665.fasta,3982
GCA_021527685.fasta,4885
GCA_021527745.fasta,3959
GCA_021527785.fasta,3894
GCA_021527805.fasta,3469
GCA_021927905.fasta,2743
GCA_022023675.fasta,2355
GCA_022059095.fasta,1553
GCA_022244645.fasta,2633
GCA_022496025.fasta,2001
GCA_022496075.fasta,1644
GCA_022496095.fasta,675
GCA_022496125.fasta,3742
GCA_022530875.fasta,2055
GCA_022701395.fasta,2031
GCA_022836835.fasta,3690
GCA_022925895.fasta,4140
GCA_022984795.fasta,1223
GCA_022985015.fasta,713
GCA_022985025.fasta,874
GCA_023091115.fasta,1216
GCA_023091665.fasta,3924
GCA_023091735.fasta,4225
GCA_023158965.fasta,2157
GCA_023159015.fasta,1962
GCA_023213035.fasta,605
GCA_023213085.fasta,605
GCA_023213095.fasta,604
GCA_023213115.fasta,601
GCA_023213155.fasta,605
GCA_023333695.fasta,2244
GCA_023333705.fasta,3123
GCA_023333735.fasta,2529
GCA_023333755.fasta,3062
GCA_023333775.fasta,3225
GCA_023333795.fasta,2628
GCA_023333815.fasta,2284
GCA_023333825.fasta,2751
GCA_023333845.fasta,2590
GCA_023333865.fasta,2245
GCA_023333885.fasta,2511
GCA_023333955.fasta,2904
GCA_023334005.fasta,2053
GCA_023334015.fasta,2801
GCA_023334035.fasta,2947
GCA_023334055.fasta,2718
GCA_023334075.fasta,2101
GCA_023334085.fasta,2807
GCA_023334105.fasta,2291
GCA_023334115.fasta,3473
GCA_023334135.fasta,2744
GCA_023334155.fasta,2335
GCA_023334175.fasta,3053
GCA_023334195.fasta,3357
GCA_023334215.fasta,2357
GCA_023334245.fasta,2642
GCA_023334255.fasta,3145
GCA_023334275.fasta,2265
GCA_023334305.fasta,2672
GCA_023334315.fasta,2790
GCA_023334355.fasta,3259
GCA_023334365.fasta,2281
GCA_023334395.fasta,2484
GCA_023334415.fasta,2442
GCA_023334535.fasta,2262
GCA_023334545.fasta,1495
GCA_023334555.fasta,2699
GCA_023334565.fasta,2592
GCA_023334575.fasta,3594
GCA_023334595.fasta,2780
GCA_023334615.fasta,2683
GCA_023334975.fasta,2983
GCA_023334995.fasta,2678
GCA_023335435.fasta,2999
GCA_023335535.fasta,2955
GCA_023335655.fasta,3068
GCA_023335675.fasta,2522
GCA_023335835.fasta,2952
GCA_023335855.fasta,2961
GCA_023335875.fasta,2946
GCA_023335885.fasta,2349
GCA_023335895.fasta,2570
GCA_023335905.fasta,3091
GCA_023335925.fasta,2693
GCA_023335935.fasta,2680
GCA_023335995.fasta,2523
GCA_023336015.fasta,2401
GCA_023336035.fasta,3104
GCA_023336055.fasta,2372
GCA_023336075.fasta,3228
GCA_023336095.fasta,3683
GCA_023336105.fasta,2379
GCA_023336125.fasta,2998
GCA_023336135.fasta,2934
GCA_023336165.fasta,2608
GCA_023336175.fasta,3023
GCA_023336215.fasta,0
GCA_023336225.fasta,2367
GCA_023336235.fasta,2961
GCA_023336255.fasta,2948
GCA_023336285.fasta,2476
GCA_023336295.fasta,2690
GCA_023336345.fasta,4478
GCA_023336355.fasta,2997
GCA_023336395.fasta,2648
GCA_023336405.fasta,2761
GCA_023336425.fasta,2365
GCA_023336445.fasta,2393
GCA_023337495.fasta,2761
GCA_023337535.fasta,3257
GCA_023337545.fasta,3020
GCA_023337575.fasta,2469
GCA_023337595.fasta,3767
GCA_023337615.fasta,3129
GCA_023337735.fasta,3051
GCA_023337755.fasta,3224
GCA_023337775.fasta,2905
GCA_023337805.fasta,2848
GCA_023337825.fasta,3006
GCA_023337855.fasta,2637
GCA_023337875.fasta,2991
GCA_023337905.fasta,2381
GCA_023337915.fasta,3947
GCA_023337935.fasta,2598
GCA_023337955.fasta,2307
GCA_023337965.fasta,2296
GCA_023337975.fasta,2848
GCA_023338025.fasta,2385
GCA_023338055.fasta,2450
GCA_023338065.fasta,2584
GCA_023338075.fasta,2402
GCA_023338115.fasta,2748
GCA_023338125.fasta,2502
GCA_023338135.fasta,2346
GCA_023338155.fasta,3494
GCA_023338175.fasta,2504
GCA_023338185.fasta,2797
GCA_023338205.fasta,2961
GCA_023338225.fasta,2976
GCA_023345645.fasta,8
GCA_023345925.fasta,949
GCA_023345945.fasta,1269
GCA_023345975.fasta,1531
GCA_023346065.fasta,663
GCA_023346095.fasta,914
GCA_023346115.fasta,3545
GCA_029241685.fasta,279
GCA_029241715.fasta,289
GCA_023346115.fasta,0
GCA_023346165.fasta,238
GCA_023346245.fasta,1720
GCA_023346265.fasta,1051
GCA_023346305.fasta,357
GCA_023346365.fasta,551
GCA_023346425.fasta,786
GCA_023346465.fasta,735
GCA_023346485.fasta,777
GCA_023346525.fasta,1949
GCA_023346535.fasta,1272
GCA_023346625.fasta,1012
GCA_023346705.fasta,389
GCA_023346715.fasta,401
GCA_023346745.fasta,1758
GCA_023346865.fasta,955
GCA_023346885.fasta,501
GCA_023346895.fasta,1495
GCA_023346925.fasta,1042
GCA_023346965.fasta,1721
GCA_023346985.fasta,1515
GCA_023347105.fasta,729
GCA_023347125.fasta,6455
GCA_023347145.fasta,1597
GCA_023611945.fasta,3431
GCA_023658685.fasta,2643
GCA_023658695.fasta,3224
GCA_023705535.fasta,520
GCA_023783155.fasta,5811
GCA_023783175.fasta,6570
GCA_023783195.fasta,8614
GCA_023783215.fasta,7986
GCA_023783255.fasta,7519
GCA_023783275.fasta,8303
GCA_023783295.fasta,8127
GCA_023783315.fasta,7369
GCA_023783335.fasta,9563
GCA_023783355.fasta,0
GCA_023783375.fasta,6900
GCA_023783395.fasta,8460
GCA_023783415.fasta,10224
GCA_023805455.fasta,168
GCA_023805465.fasta,1721
GCA_023805485.fasta,3926
GCA_023805505.fasta,6586
GCA_023805525.fasta,4343
GCA_023805545.fasta,2249
GCA_023805565.fasta,3610
GCA_023805585.fasta,1930
GCA_023805605.fasta,1743
GCA_023805625.fasta,5256
GCA_023805655.fasta,4131
GCA_023805665.fasta,4995
GCA_023805685.fasta,7298
GCA_023805705.fasta,3013
GCA_023805725.fasta,4036
GCA_023805735.fasta,409
GCA_023805745.fasta,4250
GCA_023805755.fasta,4349
GCA_023805775.fasta,4077
GCA_023806045.fasta,3981
GCA_023806765.fasta,3945
GCA_023806795.fasta,1978
GCA_023806825.fasta,5659
GCA_023806845.fasta,6256
GCA_023806865.fasta,3678
GCA_023806885.fasta,5478
GCA_023806905.fasta,4562
GCA_023806925.fasta,3462
GCA_023806945.fasta,117
GCA_023806955.fasta,3867
GCA_023806975.fasta,235
GCA_023806985.fasta,4162
GCA_023807005.fasta,4614
GCA_023807025.fasta,0
GCA_023807045.fasta,5903
GCA_023807065.fasta,5880
GCA_023807085.fasta,3313
GCA_023807105.fasta,6946
GCA_023807125.fasta,0
GCA_023807145.fasta,5010
GCA_023807165.fasta,6518
GCA_023807185.fasta,6588
GCA_023807205.fasta,4190
GCA_023807225.fasta,0
GCA_023807245.fasta,1401
GCA_023807265.fasta,5916
GCA_023807285.fasta,0
GCA_023807305.fasta,3755
GCA_023807325.fasta,6513
GCA_023807345.fasta,4844
GCA_023845515.fasta,1620
GCA_023845535.fasta,1654
GCA_023845545.fasta,1611
GCA_023897215.fasta,443
GCA_023897235.fasta,4782
GCA_023973825.fasta,2093
GCA_024181965.fasta,1970
GCA_024211575.fasta,7000
GCA_024220525.fasta,3370
GCA_024442135.fasta,1553
GCA_024505685.fasta,2233
GCA_024586265.fasta,523
GCA_024610995.fasta,771
GCA_024679005.fasta,3801
GCA_024679025.fasta,4747
GCA_024679045.fasta,4855
GCA_024679075.fasta,3801
GCA_024679105.fasta,2648
GCA_024679115.fasta,4208
GCA_024679135.fasta,3261
GCA_024679155.fasta,4891
GCA_024679175.fasta,4320
GCA_024679195.fasta,4656
GCA_024679215.fasta,2580
GCA_024679225.fasta,3922
GCA_024679275.fasta,6013
GCA_024679295.fasta,3119
GCA_024741955.fasta,1953
GCA_024862765.fasta,854
GCA_024867545.fasta,3272
GCA_024970365.fasta,2169
GCA_025330925.fasta,6
GCA_025449385.fasta,803
GCA_025449415.fasta,807
GCA_025583705.fasta,3277
GCA_025688915.fasta,2128
GCA_025722995.fasta,3799
GCA_026008555.fasta,2386
GCA_026184515.fasta,21683
GCA_026225685.fasta,16459
GCA_026248805.fasta,760
GCA_026262505.fasta,12097
GCA_026401375.fasta,2886
GCA_026401395.fasta,2836
GCA_026419775.fasta,2934
GCA_026724335.fasta,555
GCA_026724375.fasta,577
GCA_026724395.fasta,620
GCA_026770025.fasta,4988
GCA_026770575.fasta,5721
GCA_026770585.fasta,35627
GCA_026770595.fasta,4074
GCA_026770615.fasta,11026
GCA_026936335.fasta,1670
GCA_027243965.fasta,570
GCA_027243975.fasta,583
GCA_027243985.fasta,582
GCA_027382585.fasta,11476
GCA_027382605.fasta,4811
GCA_027382625.fasta,15794
GCA_027406325.fasta,878
GCA_027406365.fasta,837
GCA_027406385.fasta,800
GCA_027406405.fasta,1340
GCA_027406425.fasta,846
GCA_027406445.fasta,844
GCA_027406465.fasta,818
GCA_027406485.fasta,837
GCA_027475705.fasta,6331
GCA_027475725.fasta,6269
GCA_027475745.fasta,3735
GCA_027475765.fasta,3455
GCA_027562995.fasta,1849
GCA_027563015.fasta,1769
GCA_027563035.fasta,1791
GCA_027563055.fasta,1819
GCA_027563075.fasta,1818
GCA_027563095.fasta,1814
GCA_027625915.fasta,16938
GCA_027923505.fasta,2041
GCA_027925865.fasta,3744
GCA_027943245.fasta,3288
GCA_027943295.fasta,3052
GCA_027944975.fasta,1046
GCA_027972325.fasta,3775
GCA_028455865.fasta,1822
GCA_028554745.fasta,1647
GCA_028658345.fasta,693
GCA_028826165.fasta,2856
GCA_028892595.fasta,17268
GCA_029168715.fasta,760
GCA_029168725.fasta,783
GCA_029168735.fasta,782
GCA_029168785.fasta,848
GCA_029168795.fasta,850
GCA_029168805.fasta,800
GCA_029168835.fasta,720
GCA_029168845.fasta,853
GCA_029168855.fasta,917
GCA_029168885.fasta,4546
GCA_029240965.fasta,500
GCA_029240975.fasta,488
GCA_029241015.fasta,95
GCA_029241035.fasta,294
GCA_029241045.fasta,130
GCA_029241065.fasta,463
GCA_029241095.fasta,584
GCA_029241115.fasta,362
GCA_029241125.fasta,191
GCA_029241145.fasta,590
GCA_029241155.fasta,561
GCA_029241195.fasta,545
GCA_029241215.fasta,583
GCA_029241235.fasta,368
GCA_029241245.fasta,513
GCA_029241275.fasta,587
GCA_029241355.fasta,465
GCA_029241375.fasta,556
GCA_029241395.fasta,389
GCA_029241405.fasta,403
GCA_029241435.fasta,540
GCA_029241455.fasta,523
GCA_029241475.fasta,246
GCA_029241495.fasta,452
GCA_029241515.fasta,603
GCA_029241535.fasta,541
GCA_029241555.fasta,96
GCA_029241565.fasta,479
GCA_029241595.fasta,288
GCA_029241605.fasta,459
GCA_029241635.fasta,354
GCA_029241645.fasta,183
GCA_029241675.fasta,516
GCA_029241685.fasta,0
GCA_029241715.fasta,0
GCA_029241725.fasta,611
GCA_029241755.fasta,336
GCA_029241775.fasta,594
GCA_029241785.fasta,252
GCA_029241815.fasta,156
GCA_029290635.fasta,707
GCA_029290655.fasta,217
GCA_029290775.fasta,255
GCA_029290835.fasta,399
GCA_029290915.fasta,355
GCA_029290925.fasta,809
GCA_029290955.fasta,624
GCA_029290975.fasta,609
GCA_029290985.fasta,550
GCA_029291735.fasta,176
GCA_029291765.fasta,3489
GCA_029291795.fasta,549
GCA_029291835.fasta,1291
GCA_029291845.fasta,255
GCA_029291895.fasta,272
GCA_029291905.fasta,624
GCA_029291935.fasta,264
GCA_029291985.fasta,216
GCA_029292025.fasta,378
GCA_029292055.fasta,231
GCA_029292095.fasta,1386
GCA_029292135.fasta,326
GCA_029292165.fasta,709
GCA_029292225.fasta,1101
GCA_029292265.fasta,1390
GCA_029292295.fasta,258
GCA_029292325.fasta,403
GCA_029292345.fasta,286
GCA_029292395.fasta,297
GCA_029292465.fasta,283
GCA_029292475.fasta,899
GCA_029292535.fasta,241
GCA_029292565.fasta,1578
GCA_029292585.fasta,854
GCA_029292645.fasta,203
GCA_029292705.fasta,349
GCA_029292715.fasta,399
GCA_029292745.fasta,175
GCA_029292755.fasta,694
GCA_029292775.fasta,3554
GCA_029292815.fasta,835
GCA_029292825.fasta,289
GCA_029292855.fasta,1312
GCA_029292955.fasta,505
GCA_029293065.fasta,1355
GCA_029293085.fasta,1687
GCA_029293095.fasta,1696
GCA_029293135.fasta,1255
GCA_029293145.fasta,1094
GCA_029293165.fasta,178
GCA_029293195.fasta,261
GCA_029293205.fasta,262
GCA_029293215.fasta,1400
GCA_029293255.fasta,710
GCA_029293305.fasta,247
GCA_029293325.fasta,314
GCA_029293535.fasta,502
GCA_029293555.fasta,1394
GCA_029293595.fasta,364
GCA_029293625.fasta,200
GCA_029293695.fasta,189
GCA_029293705.fasta,174
GCA_029293735.fasta,172
GCA_029293745.fasta,317
GCA_029293775.fasta,201
GCA_029293785.fasta,215
GCA_029293795.fasta,180
GCA_029293835.fasta,191
GCA_029293845.fasta,186
GCA_029293865.fasta,203
GCA_029293895.fasta,385
GCA_029293905.fasta,274
GCA_029293925.fasta,295
GCA_029293945.fasta,705
GCA_029293965.fasta,165
GCA_029293995.fasta,1017
GCA_029294015.fasta,169
GCA_029294025.fasta,167
GCA_029294055.fasta,174
GCA_029294075.fasta,167
GCA_029294085.fasta,532
GCA_029294115.fasta,736
GCA_029294135.fasta,493
GCA_029294155.fasta,465
GCA_029294175.fasta,2216
GCA_029294185.fasta,662
GCA_029294195.fasta,259
GCA_029294235.fasta,2519
GCA_029294255.fasta,264
GCA_029294275.fasta,176
GCA_029294285.fasta,174
GCA_029294295.fasta,206
GCA_029294335.fasta,169
GCA_029294385.fasta,521
GCA_029294415.fasta,354
GCA_029296275.fasta,810
GCA_029296305.fasta,329
GCA_029296345.fasta,1084
GCA_029296385.fasta,290
GCA_029296415.fasta,902
GCA_029296445.fasta,801
GCA_029296455.fasta,332
GCA_029296495.fasta,12
GCA_029296535.fasta,174
GCA_029296605.fasta,177
GCA_029296635.fasta,1499
GCA_029296655.fasta,467
GCA_029296695.fasta,299
GCA_029296705.fasta,629
GCA_029296765.fasta,686
GCA_029296815.fasta,250
GCA_029296835.fasta,282
GCA_029296875.fasta,599
GCA_029296895.fasta,358
GCA_029296925.fasta,257
GCA_029296975.fasta,486
GCA_029296995.fasta,1010
GCA_029297005.fasta,3454
GCA_029297015.fasta,954
GCA_029297075.fasta,166
GCA_029297115.fasta,1345
GCA_029297135.fasta,176
GCA_029297145.fasta,219
GCA_029297155.fasta,260
GCA_029297195.fasta,3510
GCA_029297215.fasta,658
GCA_029297235.fasta,633
GCA_029297245.fasta,3531
GCA_029297265.fasta,1476
GCA_029297295.fasta,896
GCA_029297305.fasta,218
GCA_029297335.fasta,2967
GCA_029297355.fasta,655
GCA_029297375.fasta,350
GCA_029297395.fasta,925
GCA_029297415.fasta,230
GCA_029297425.fasta,1212
GCA_029297435.fasta,3592
GCA_029297475.fasta,176
GCA_029297485.fasta,709
GCA_029297515.fasta,3821
GCA_029297525.fasta,289
GCA_029297555.fasta,683
GCA_029297585.fasta,1317
GCA_029297655.fasta,202
GCA_029297675.fasta,354
GCA_029297695.fasta,253
GCA_029297715.fasta,827
GCA_029297725.fasta,761
GCA_029297755.fasta,183
GCA_029297765.fasta,1019
GCA_029297785.fasta,167
GCA_029297865.fasta,174
GCA_029297975.fasta,439
GCA_029298005.fasta,480
GCA_029298035.fasta,1524
GCA_029298045.fasta,428
GCA_029298075.fasta,812
GCA_029298095.fasta,211
GCA_029298135.fasta,181
GCA_029298155.fasta,199
GCA_029298175.fasta,192
GCA_029298225.fasta,474
GCA_029298285.fasta,254
GCA_029298385.fasta,171
GCA_029298495.fasta,169
GCA_029298535.fasta,267
GCA_029298545.fasta,170
GCA_029298575.fasta,362
GCA_029298595.fasta,285
GCA_029298605.fasta,183
GCA_029298625.fasta,259
GCA_029298645.fasta,613
GCA_029298675.fasta,680
GCA_029299615.fasta,167
GCA_029299695.fasta,6
GCA_029299715.fasta,7
GCA_029299735.fasta,8
GCA_029299755.fasta,7
GCA_029299775.fasta,10
GCA_029299795.fasta,9
GCA_029299815.fasta,9
GCA_029299945.fasta,1965
GCA_029299985.fasta,168
GCA_029300155.fasta,188
GCA_029300275.fasta,234
GCA_029300315.fasta,187
GCA_029300535.fasta,375
GCA_029300835.fasta,1282
GCA_029300855.fasta,760
GCA_029300875.fasta,586
GCA_029300895.fasta,826
GCA_029300905.fasta,1612
GCA_029300935.fasta,2108
GCA_029300955.fasta,437
GCA_029300965.fasta,2480
GCA_029300995.fasta,493
GCA_029301015.fasta,535
GCA_029301025.fasta,1663
GCA_029301055.fasta,1490
GCA_029301075.fasta,177
GCA_029301095.fasta,496
GCA_029301115.fasta,845
GCA_029301125.fasta,976
GCA_029301155.fasta,1297
GCA_029301175.fasta,430
GCA_029301185.fasta,802
GCA_029301205.fasta,445
GCA_029301315.fasta,223
GCA_029301355.fasta,1391
GCA_029301415.fasta,1709
GCA_029301455.fasta,253
GCA_029301715.fasta,2587
GCA_029301815.fasta,2210
GCA_029301885.fasta,2767
GCA_029301895.fasta,176
GCA_029302035.fasta,182
GCA_029302215.fasta,684
GCA_029302325.fasta,298
GCA_029302405.fasta,482
GCA_029302445.fasta,1902
GCA_029302475.fasta,273
GCA_029302515.fasta,305
GCA_029302545.fasta,2975
GCA_029302565.fasta,341
GCA_029302615.fasta,259
GCA_029302645.fasta,634
GCA_029302655.fasta,661
GCA_029302735.fasta,680
GCA_029302765.fasta,954
GCA_029302775.fasta,2529
GCA_029302845.fasta,664
GCA_029302885.fasta,3188
GCA_029302895.fasta,1018
GCA_029302965.fasta,481
GCA_029303015.fasta,289
GCA_029303025.fasta,199
GCA_029303075.fasta,302
GCA_029303395.fasta,1519
GCA_029304055.fasta,1437
GCA_029304125.fasta,304
GCA_029304155.fasta,2383
GCA_029304195.fasta,664
GCA_029304205.fasta,1173
GCA_029304235.fasta,188
GCA_029304255.fasta,1699
GCA_029304265.fasta,539
GCA_029304275.fasta,1159
GCA_029304315.fasta,265
GCA_029304335.fasta,978
GCA_029304355.fasta,698
GCA_029379255.fasta,507
GCA_029452305.fasta,2449
GCA_029747605.fasta,3543
GCA_029747635.fasta,606
GCA_029834535.fasta,4723
GCA_030027945.fasta,3125
GCA_030068145.fasta,18685
GCA_030078075.fasta,2292
GCA_030141585.fasta,573
GCA_030159295.fasta,4393
GCA_030167865.fasta,4392
GCA_030180075.fasta,3311
GCA_030247965.fasta,1809
GCA_030247975.fasta,1796
GCA_030265225.fasta,3401
GCA_030267505.fasta,2906
GCA_030267625.fasta,2435
GCA_030267725.fasta,3302
GCA_030267785.fasta,5733
GCA_030267805.fasta,2760
GCA_030267905.fasta,2369
GCA_030267945.fasta,2343
GCA_030267965.fasta,2865
GCA_030267985.fasta,2065
GCA_030278985.fasta,5609
GCA_030279005.fasta,5569
GCA_030279015.fasta,5659
GCA_030279045.fasta,5619
GCA_030279065.fasta,5614
GCA_030279085.fasta,5620
GCA_030279095.fasta,5540
GCA_030279125.fasta,5702
GCA_030295235.fasta,3448
GCA_030324255.fasta,5250
GCA_030347455.fasta,2320
GCA_030374165.fasta,4511
GCA_030374175.fasta,4505
GCA_030374185.fasta,4503
GCA_030374195.fasta,4504
GCA_030374205.fasta,4428
GCA_030415315.fasta,606
GCA_030415325.fasta,603
GCA_030415335.fasta,607
GCA_030415345.fasta,607
GCA_030415355.fasta,606
GCA_030463285.fasta,3915
GCA_030463445.fasta,6486
GCA_030544225.fasta,4332
GCA_030583055.fasta,551
GCA_030644505.fasta,3652
GCA_030710385.fasta,1566
GCA_030710445.fasta,1575
GCA_030710455.fasta,1556
GCA_030710485.fasta,1564
GCA_030849045.fasta,1724
GCA_030849055.fasta,1997
GCA_030849065.fasta,1424
GCA_030849075.fasta,2354
GCA_030849085.fasta,2193
GCA_030849525.fasta,506
GCA_030849605.fasta,1819
GCA_030849615.fasta,1712
GCA_030849625.fasta,1690
GCA_030849635.fasta,1845
GCA_030849645.fasta,1757
GCA_030849675.fasta,1369
GCA_030849715.fasta,1827
GCA_030849725.fasta,1479
GCA_030849745.fasta,1353
GCA_030849755.fasta,1472
GCA_030849805.fasta,1792
GCA_030849815.fasta,1951
GCA_030849825.fasta,1778
GCA_030849835.fasta,2149
GCA_030849845.fasta,2357
GCA_030871285.fasta,3652
GCA_030937385.fasta,2149
GCA_031213475.fasta,0
GCA_031305395.fasta,3230
GCA_031753475.fasta,3446
GCA_031753495.fasta,3667
GCA_031763025.fasta,35830
GCA_031835245.fasta,4349
GCA_031892065.fasta,610
GCA_032158065.fasta,3842
GCA_032158285.fasta,4949
GCA_032158355.fasta,4597
GCA_032161705.fasta,4013
GCA_032270885.fasta,18133
GCA_032273045.fasta,12137
GCA_032273145.fasta,6207
GCA_032273165.fasta,13616
GCA_032358255.fasta,6552
GCA_032358265.fasta,0
GCA_032358315.fasta,19553
GCA_032432875.fasta,3916
GCA_033042605.fasta,6378
GCA_033064195.fasta,5902
GCA_033216535.fasta,4354
GCA_033441735.fasta,1881
GCA_033557905.fasta,7174
GCA_033557915.fasta,7324
GCA_033557925.fasta,10107
GCA_033557935.fasta,5250
GCA_033557995.fasta,5350
GCA_033558005.fasta,4373
GCA_033558025.fasta,5758
GCA_033558055.fasta,3668
GCA_033953505.fasta,2128
GCA_900000015.fasta,5021
GCA_900002335.fasta,1264
GCA_900002375.fasta,1252
GCA_900002385.fasta,1538
GCA_900002395.fasta,1468
GCA_900004885.fasta,1623
GCA_900005025.fasta,1597
GCA_900005765.fasta,1507
GCA_900005855.fasta,1668
GCA_900044335.fasta,1254
GCA_900069105.fasta,745
GCA_900088445.fasta,1231
GCA_900088475.fasta,4068
GCA_900088485.fasta,2376
GCA_900088545.fasta,2427
GCA_900088555.fasta,2301
GCA_900088565.fasta,2534
GCA_900088575.fasta,2128
GCA_900090005.fasta,1570
GCA_900090025.fasta,2235
GCA_900090035.fasta,2231
GCA_900090045.fasta,2241
GCA_900092235.fasta,4144
GCA_900092245.fasta,3817
GCA_900092255.fasta,4148
GCA_900092265.fasta,3241
GCA_900092275.fasta,3053
GCA_900093535.fasta,2014
GCA_900093545.fasta,1933
GCA_900093555.fasta,1936
GCA_900095095.fasta,4598
GCA_900095545.fasta,1228
GCA_900095555.fasta,1255
GCA_900095565.fasta,1290
GCA_900095585.fasta,1220
GCA_900095595.fasta,1665
GCA_900095605.fasta,1261
GCA_900095625.fasta,1305
GCA_900095635.fasta,0
GCA_900097015.fasta,1479
GCA_900097025.fasta,1631
GCA_900097035.fasta,1456
GCA_900097045.fasta,1425
GCA_900128395.fasta,2189
GCA_900128565.fasta,1408
GCA_900128575.fasta,2002
GCA_900128585.fasta,1894
GCA_900162085.fasta,1620
GCA_900178095.fasta,2064
GCA_900180395.fasta,2043
GCA_900231805.fasta,3116
GCA_900240055.fasta,1395
GCA_900240875.fasta,2271
GCA_900240985.fasta,2135
GCA_900243725.fasta,4142
GCA_900243735.fasta,3019
GCA_900252365.fasta,2357
GCA_900257145.fasta,1460
GCA_900291995.fasta,1947
GCA_900303365.fasta,1683
GCA_900312765.fasta,3793
GCA_900404475.fasta,1872
GCA_900497135.fasta,3504
GCA_900500625.fasta,2186
GCA_900537975.fasta,2158
GCA_900617105.fasta,0
GCA_900617135.fasta,1569
GCA_900617785.fasta,1284
GCA_900617805.fasta,1283
GCA_900617815.fasta,1324
GCA_900617825.fasta,1325
GCA_900617835.fasta,1568
GCA_900617845.fasta,1485
GCA_900617855.fasta,1497
GCA_900617865.fasta,1514
GCA_900617875.fasta,1497
GCA_900617885.fasta,1520
GCA_900631975.fasta,1519
GCA_900631985.fasta,1520
GCA_900631995.fasta,1580
GCA_900632005.fasta,1543
GCA_900632015.fasta,1541
GCA_900632025.fasta,1551
GCA_900632035.fasta,1565
GCA_900632045.fasta,1512
GCA_900632055.fasta,0
GCA_900632065.fasta,1729
GCA_900632075.fasta,1566
GCA_900632085.fasta,1711
GCA_900632095.fasta,1516
GCA_900635355.fasta,2202
GCA_900642245.fasta,6558
GCA_900660405.fasta,3784
GCA_900681995.fasta,1224
GCA_900708865.fasta,4142
GCA_900893395.fasta,0
GCA_902209425.fasta,770
GCA_902221465.fasta,758
GCA_902221485.fasta,751
GCA_902221515.fasta,770
GCA_902221535.fasta,766
GCA_902221545.fasta,804
GCA_902369275.fasta,1
GCA_902369305.fasta,1
GCA_902369315.fasta,1
GCA_902369335.fasta,1
GCA_902369385.fasta,1
GCA_902459845.fasta,1332
GCA_902498725.fasta,0
GCA_902602495.fasta,16157
GCA_902651635.fasta,3817
GCA_902703645.fasta,1835
GCA_902705575.fasta,16149
GCA_902706625.fasta,2184
GCA_902712285.fasta,2359
GCA_902749335.fasta,4428
GCA_902825245.fasta,0
GCA_902984215.fasta,2431
GCA_903772945.fasta,8371
GCA_903821525.fasta,4604
GCA_903994205.fasta,1280
GCA_903994225.fasta,1289
GCA_903994235.fasta,1294
GCA_903994265.fasta,1302
GCA_903995115.fasta,1398
GCA_904066245.fasta,3867
GCA_904066255.fasta,2863
GCA_904066265.fasta,3370
GCA_905133005.fasta,9800
GCA_905178155.fasta,7701
GCA_905178165.fasta,7733
GCA_905182975.fasta,5755
GCA_905182985.fasta,6537
GCA_905182995.fasta,5762
GCA_905183005.fasta,5819
GCA_905220665.fasta,2597
GCA_905221605.fasta,50774
GCA_905221615.fasta,73553
GCA_905221625.fasta,54249
GCA_905221635.fasta,46326
GCA_905231905.fasta,0
GCA_905231915.fasta,51196
GCA_905231925.fasta,0
GCA_905237085.fasta,198978
GCA_905237095.fasta,183740
GCA_905310635.fasta,3550
GCA_914521175.fasta,1854
GCA_914767885.fasta,3643
GCA_914969965.fasta,1933
GCA_916722125.fasta,2186
GCA_917563895.fasta,1679
GCA_917563935.fasta,1695
GCA_918797485.fasta,2163
GCA_920105805.fasta,3362
GCA_920618645.fasta,2192
GCA_920940705.fasta,2336
GCA_921007115.fasta,5546
GCA_921012115.fasta,1954
GCA_933822405.fasta,3671
GCA_934883995.fasta,772
GCA_935749045.fasta,781
GCA_935749065.fasta,756
GCA_935749445.fasta,836
GCA_935750815.fasta,15511
GCA_935750945.fasta,765
GCA_935751105.fasta,786
GCA_935751465.fasta,790
GCA_935751545.fasta,796
GCA_935751615.fasta,773
GCA_935752135.fasta,705
GCA_935752185.fasta,797
GCA_935752455.fasta,782
GCA_935752495.fasta,680
GCA_935752615.fasta,712
GCA_935752815.fasta,818
GCA_935752955.fasta,783
GCA_935753195.fasta,730
GCA_937625935.fasta,1756
GCA_937658345.fasta,1760
GCA_937862745.fasta,671
GCA_937863765.fasta,792
GCA_937871655.fasta,771
GCA_937871795.fasta,1271
GCA_937872625.fasta,885
GCA_937873115.fasta,749
GCA_937894295.fasta,2324
GCA_937900865.fasta,438
GCA_944319805.fasta,804
GCA_944319995.fasta,925
GCA_944320215.fasta,885
GCA_944391175.fasta,761
GCA_945788115.fasta,2586
GCA_946863485.fasta,3979
GCA_946965045.fasta,4034
GCA_946965055.fasta,4124
GCA_947184155.fasta,78097
GCA_947322955.fasta,2795
GCA_947331455.fasta,1822
GCA_947538825.fasta,2049
GCA_947538835.fasta,3980
GCA_947538845.fasta,3998
GCA_947538855.fasta,169
GCA_947538865.fasta,407
GCA_947596155.fasta,4647
GCA_947641895.fasta,3579
GCA_947646735.fasta,3247
GCA_947650285.fasta,6841
GCA_947650345.fasta,2900
GCA_948471165.fasta,746
GCA_949152365.fasta,1962
GCA_949319515.fasta,1010
GCA_949319695.fasta,1183
GCA_949320135.fasta,1356
GCA_949320175.fasta,1213
GCA_949320205.fasta,1192
GCA_949795235.fasta,6170
GCA_949795465.fasta,5043
GCA_951393995.fasta,3606
GCA_951394045.fasta,3475
GCA_951851835.fasta,8066
GCA_956465555.fasta,2710
GCA_956465565.fasta,2666
GCA_963210315.fasta,13304
GCA_963210325.fasta,687
GCA_963377065.fasta,70522
GCA_963377175.fasta,77239
GCA_963377275.fasta,88196
